<wpml-config>
    <admin-texts>
        <key name='theme_mods_onepress'>
            <key name='onepress_hero_video_mp4' />
            <key name='onepress_hero_video_webm' />
            <key name='onepress_hero_video_ogv' />
            <key name='onepress_hero_parallax' />
            <key name='onepress_section_order_styling' />
            <key name='onepress_testimonial_title' />
            <key name='onepress_testimonial_subtitle' />
            <key name='onepress_testimonial_boxes' />
            <key name='onepress_map_lat' />
            <key name='onepress_map_long' />
            <key name='onepress_map_address' />
            <key name='onepress_map_html' />
            <key name='onepress_projects_title' />
            <key name='onepress_projects_subtitle' />
            <key name='onepress_projects_number' />
            <key name='onepress_projects_orderby' />
            <key name='onepress_projects_order' />
            <key name='onepress_project_slug' />
            <key name='onepress_project_ajax' />
            <key name='onepress_pricing_title' />
            <key name='onepress_pricing_subtitle' />
            <key name='onepress_pricing_plans' />
            <key name='onepress_cta_title' />
            <key name='onepress_cta_btn_label' />
            <key name='onepress_cta_btn_link' />
            <key name='onepress_site_image_logo' />
            <key name='onepress_animation_disable' />
            <key name='onepress_btt_disable' />
            <key name='onepress_social_disable' />
            <key name='onepress_social_footer_guide' />
            <key name='onepress_social_footer_title' />
            <key name='onepress_social_twitter' />
            <key name='onepress_social_facebook' />
            <key name='onepress_social_google' />
            <key name='onepress_social_instagram' />
            <key name='onepress_social_rss' />
            <key name='onepress_newsletter_disable' />
            <key name='onepress_newsletter_title' />
            <key name='onepress_newsletter_mailchimp' />
            <key name='onepress_hero_disable' />
            <key name='onepress_hero_fullscreen' />
            <key name='onepress_hero_pdtop' />
            <key name='onepress_hero_pdbotom' />
            <key name='onepress_hero_images' />
            <key name='onepress_hero_overlay_color' />
            <key name='onepress_hero_overlay_opacity' />
            <key name='onepress_hcl1_enable' />
            <key name='onepress_hcl1_largetext' />
            <key name='onepress_hcl1_smalltext' />
            <key name='onepress_hcl1_btn1_text' />
            <key name='onepress_hcl1_btn1_link' />
            <key name='onepress_hcl1_btn2_text' />
            <key name='onepress_hcl1_btn2_link' />
            <key name='onepress_about_title' />
            <key name='onepress_about_subtitle' />
            <key name='onepress_about_boxes' />
            <key name='onepress_services_title' />
            <key name='onepress_services_subtitle' />
            <key name='onepress_services' />
            <key name='onepress_counter_title' />
            <key name='onepress_counter_subtitle' />
            <key name='onepress_counter_boxes' />
            <key name='onepress_team_title' />
            <key name='onepress_team_subtitle' />
            <key name='onepress_team_members' />
            <key name='onepress_news_title' />
            <key name='onepress_news_subtitle' />
            <key name='onepress_news_settings_hr' />
            <key name='onepress_news_number' />
            <key name='onepress_news_more_link' />
            <key name='onepress_news_more_text' />
            <key name='onepress_contact_title' />
            <key name='onepress_contact_subtitle' />
            <key name='onepress_contact_cf7_guide' />
            <key name='onepress_contact_cf7' />
            <key name='onepress_contact_cf7_disable' />
            <key name='onepress_contact_text' />
            <key name='onepress_contact_text_hr' />
            <key name='onepress_contact_address_title' />
            <key name='onepress_contact_address' />
            <key name='onepress_contact_phone' />
            <key name='onepress_contact_email' />
            <key name='onepress_contact_fax' />
            <key name='onepress_footer_copyright_text' />

            <key name='onepress_counter_desc' />
            <key name='onepress_services_desc' />
            <key name='onepress_team_desc' />
            <key name='onepress_news_desc' />
            <key name='onepress_contact_desc' />
            <key name='onepress_projects_desc' />
            <key name='onepress_testimonial_desc' />
            <key name='onepress_pricing_desc' />

            <key name='onepress_features_title' />
            <key name='onepress_features_subtitle' />
            <key name='onepress_features_desc' />
            <key name='onepress_features_boxes' />

        </key>
    </admin-texts>
</wpml-config>
